{"cameraMode":{"drawMode":0,"name":"Shaded","section":"Shading Mode"},"sceneLighting":true,"audioPlay":false,"sceneViewState":{"showFog":true,"showMaterialUpdate":false,"showSkybox":true,"showFlares":true,"showImageEffects":true,"showParticleSystems":true},"in2DMode":false,"pivot":{"x":835.64501953125,"y":441.8128356933594,"z":430.3539123535156},"rotation":{"x":-0.08838502317667008,"y":-0.005672024097293615,"z":0.000504685565829277,"w":-0.9960870742797852},"size":828.694580078125,"orthographic":false}