{"cameraMode":{"drawMode":0,"name":"Shaded","section":"Shading Mode"},"sceneLighting":false,"audioPlay":false,"sceneViewState":{"showFog":true,"showMaterialUpdate":false,"showSkybox":false,"showFlares":true,"showImageEffects":true,"showParticleSystems":true},"in2DMode":false,"pivot":{"x":13.08374309539795,"y":24.766277313232423,"z":-71.00390625},"rotation":{"x":0.0069438256323337559,"y":-0.9927288889884949,"z":0.09709923714399338,"w":0.07099940627813339},"size":2.4200072288513185,"orthographic":false}